approach;sample_size;repetition;dist_to_baseline;first_positive_at;trace_idx;cor_change
Feature;100;0;;2;0;0.0
Feature;100;0;;2;1;8.227336383309956
Feature;100;0;;2;2;1.7371847395211697
Feature;100;0;;2;3;5.959866057521196
Feature;100;0;;2;4;1.2700351567685053
Feature;100;0;;2;5;5.885360840060428
Feature;100;0;;2;6;3.460631686758306
Feature;100;0;;2;7;3.2314323439910138
Feature;100;0;;2;8;3.5060881247648576
Feature;100;0;;2;9;3.318420663582678
Feature;100;0;;2;10;1.622664656464053
Feature;100;0;;2;11;1.2933854221173258
Feature;100;0;;2;12;1.9052737986796036
Feature;100;0;;2;13;1.2240727753720373
Feature;100;0;;2;14;4.971950640582036
Feature;100;0;;2;15;0.8240629096068296
Feature;100;0;;2;16;1.6247471085010683
Feature;100;0;;2;17;1.7379761755889165
Feature;100;0;;2;18;1.1082270290760126
Feature;100;0;;2;19;1.448921745910979
Feature;100;0;;2;20;0.8933455932553868
Feature;100;0;;2;21;0.8516385889163949
Feature;100;0;;2;22;1.5508042449309751
Feature;100;0;;2;23;1.353839959611605
Feature;100;0;;2;24;0.9421122712501434
Feature;100;0;;2;25;0.6791033891006685
Feature;100;0;;2;26;0.6521631190571131
Feature;100;0;;2;27;0.5929505653194552
Feature;100;0;;2;28;1.2092065738363191
Feature;100;0;;2;29;0.4873897743411126
Feature;100;0;;2;30;0.9232537917820042
Feature;100;0;;2;31;0.43423470407567966
Feature;100;0;;2;32;0.6785851238980845
Feature;100;0;;2;33;0.7621692981366447
Feature;100;0;;2;34;1.2282562244728976
Feature;100;0;;2;35;0.8530252895555405
Feature;100;0;;2;36;2.635454444292455
Feature;100;0;;2;37;0.48819356043961815
Feature;100;0;;2;38;0.6366215204635755
Feature;100;0;;2;39;0.4920155706795799
Feature;100;0;;2;40;1.8151090145762294
Feature;100;0;;2;41;0.8508151654985366
Feature;100;0;;2;42;0.7699241169198879
Feature;100;0;;2;43;0.38699272335541757
Feature;100;0;;2;44;0.6580319572498056
Feature;100;0;;2;45;0.3991528596436975
Feature;100;0;;2;46;1.0201507710663658
Feature;100;0;;2;47;0.8099279839179807
Feature;100;0;;2;48;4.912101831607036
Feature;100;0;;2;49;0.8734288149786784
Feature;100;0;;2;50;0.7334439248906964
Feature;100;0;;2;51;0.8949590766986656
Feature;100;0;;2;52;0.6126637372953774
Feature;100;0;;2;53;4.9416251329950365
Feature;100;0;;2;54;0.4666198170432265
Feature;100;0;;2;55;0.7995522249578543
Feature;100;0;;2;56;0.5540768620810841
Feature;100;0;;2;57;0.5503230857463042
Feature;100;0;;2;58;0.5571410479396862
Feature;100;0;;2;59;0.41935767527674184
Feature;100;0;;2;60;0.4190938370069055
Feature;100;0;;2;61;0.4572249832376029
Feature;100;0;;2;62;0.5011810015814394
Feature;100;0;;2;63;0.46697789449698335
Feature;100;0;;2;64;0.5515928844450597
Feature;100;0;;2;65;0.3538136683707557
Feature;100;0;;2;66;0.43064212299617394
Feature;100;0;;2;67;0.5366627158701642
Feature;100;0;;2;68;0.7428461259098883
Feature;100;0;;2;69;0.9147670220012738
Feature;100;0;;2;70;0.4822229787938631
Feature;100;0;;2;71;0.47359821047929773
Feature;100;0;;2;72;0.4174073140707645
Feature;100;0;;2;73;1.3208010714497649
Feature;100;0;;2;74;0.777237454975893
Feature;100;0;;2;75;0.45888237840108814
Feature;100;0;;2;76;0.35528502195778167
Feature;100;0;;2;77;0.3289834051932311
Feature;100;0;;2;78;0.3765534288409096
Feature;100;0;;2;79;1.144593186762115
Feature;100;0;;2;80;0.38571767222020326
Feature;100;0;;2;81;0.7012530170645174
Feature;100;0;;2;82;0.9280569979157075
Feature;100;0;;2;83;0.47981117124844064
Feature;100;0;;2;84;0.5120135333754453
Feature;100;0;;2;85;0.5173158554238134
Feature;100;0;;2;86;0.4152294087830418
Feature;100;0;;2;87;0.5241441556900531
Feature;100;0;;2;88;0.5725076297373122
Feature;100;0;;2;89;0.3209215550068792
Feature;100;0;;2;90;0.34547110528212205
Feature;100;0;;2;91;0.37130339442363425
Feature;100;0;;2;92;0.46571480845445506
Feature;100;0;;2;93;0.2894302870702562
Feature;100;0;;2;94;0.4015746610763499
Feature;100;0;;2;95;0.3511906413867672
Feature;100;0;;2;96;0.4490549417010731
Feature;100;0;;2;97;0.46974458626258025
Feature;100;0;;2;98;0.5287123829059504
Feature;100;0;;2;99;0.2456963975882408
Feature;100;1;;2;0;0.0
Feature;100;1;;2;1;11.968303734455437
Feature;100;1;;2;2;13.914638147544174
Feature;100;1;;2;3;1.7222675553704079
Feature;100;1;;2;4;1.742332553991563
Feature;100;1;;2;5;5.287802503725874
Feature;100;1;;2;6;1.5000148031258047
Feature;100;1;;2;7;0.9741913831484226
Feature;100;1;;2;8;1.3138900439818564
Feature;100;1;;2;9;1.2212343291263132
Feature;100;1;;2;10;3.763489167151481
Feature;100;1;;2;11;2.5925866079278284
Feature;100;1;;2;12;2.450692024955225
Feature;100;1;;2;13;2.9710330894823027
Feature;100;1;;2;14;2.5272152637281375
Feature;100;1;;2;15;1.9794955515117645
Feature;100;1;;2;16;2.37828067306201
Feature;100;1;;2;17;0.8327924855414645
Feature;100;1;;2;18;1.6215645155893
Feature;100;1;;2;19;0.716397259778776
Feature;100;1;;2;20;1.8870216530038666
Feature;100;1;;2;21;0.8237925688461067
Feature;100;1;;2;22;0.6784793020739048
Feature;100;1;;2;23;0.6996062602615485
Feature;100;1;;2;24;1.4025134338347103
Feature;100;1;;2;25;2.7895113861793592
Feature;100;1;;2;26;0.6896676917020139
Feature;100;1;;2;27;2.0024589268865216
Feature;100;1;;2;28;1.5348779551216554
Feature;100;1;;2;29;0.5580778963680803
Feature;100;1;;2;30;1.2659805737784957
Feature;100;1;;2;31;1.0539525281800004
Feature;100;1;;2;32;0.8719569648563946
Feature;100;1;;2;33;2.2395178380835037
Feature;100;1;;2;34;1.0151622514970835
Feature;100;1;;2;35;1.730283754060444
Feature;100;1;;2;36;0.9432867040700379
Feature;100;1;;2;37;4.926912039919643
Feature;100;1;;2;38;1.0511147879532843
Feature;100;1;;2;39;0.6736746568108755
Feature;100;1;;2;40;0.6156172400651032
Feature;100;1;;2;41;0.7325626359770135
Feature;100;1;;2;42;0.7520393359889331
Feature;100;1;;2;43;0.44049073782573767
Feature;100;1;;2;44;0.6306212160669271
Feature;100;1;;2;45;0.894093304639812
Feature;100;1;;2;46;1.4522142296355796
Feature;100;1;;2;47;0.6617524628778152
Feature;100;1;;2;48;0.49710837132406444
Feature;100;1;;2;49;0.8056901054510168
Feature;100;1;;2;50;0.46874414855193036
Feature;100;1;;2;51;0.5906609626032446
Feature;100;1;;2;52;0.5319629493890801
Feature;100;1;;2;53;0.5168138930192614
Feature;100;1;;2;54;0.7438732955386713
Feature;100;1;;2;55;0.5444724898375859
Feature;100;1;;2;56;0.5186723165038564
Feature;100;1;;2;57;0.46903435753846734
Feature;100;1;;2;58;0.37087871796411354
Feature;100;1;;2;59;0.4601164831972835
Feature;100;1;;2;60;0.47842779421247394
Feature;100;1;;2;61;0.3930136474718102
Feature;100;1;;2;62;3.8498913203450003
Feature;100;1;;2;63;2.1186416858703447
Feature;100;1;;2;64;0.521953768099849
Feature;100;1;;2;65;0.6769238263620951
Feature;100;1;;2;66;0.9598029206851107
Feature;100;1;;2;67;0.8018186743002599
Feature;100;1;;2;68;0.41002767461622946
Feature;100;1;;2;69;0.46814478439094603
Feature;100;1;;2;70;0.7498631245480871
Feature;100;1;;2;71;0.3758059652054277
Feature;100;1;;2;72;0.5241338695286303
Feature;100;1;;2;73;0.6054031220380114
Feature;100;1;;2;74;0.5446031236451229
Feature;100;1;;2;75;0.6917004677618941
Feature;100;1;;2;76;0.5227653582406488
Feature;100;1;;2;77;0.3532692639758668
Feature;100;1;;2;78;0.41388624347259123
Feature;100;1;;2;79;0.6188165972561375
Feature;100;1;;2;80;0.6605693782240065
Feature;100;1;;2;81;1.459540066099512
Feature;100;1;;2;82;0.44435855886286296
Feature;100;1;;2;83;0.3598469962836057
Feature;100;1;;2;84;0.5621664832270449
Feature;100;1;;2;85;0.5522029719887642
Feature;100;1;;2;86;0.43648379890191724
Feature;100;1;;2;87;0.44699923866582486
Feature;100;1;;2;88;0.40810357186620777
Feature;100;1;;2;89;1.3687993037760857
Feature;100;1;;2;90;0.4514355483565754
Feature;100;1;;2;91;0.8664263688387166
Feature;100;1;;2;92;0.30202839553751837
Feature;100;1;;2;93;0.3930566913865656
Feature;100;1;;2;94;0.330394643049193
Feature;100;1;;2;95;0.30771465922261804
Feature;100;1;;2;96;0.8924808312152632
Feature;100;1;;2;97;0.4066595499434559
Feature;100;1;;2;98;0.35992576089885725
Feature;100;1;;2;99;0.49263466032023273
Feature;100;2;;5;0;0.0
Feature;100;2;;5;1;12.188795219297157
Feature;100;2;;5;2;9.52200047022778
Feature;100;2;;5;3;4.011750677707034
Feature;100;2;;5;4;10.199372181723932
Feature;100;2;;5;5;4.76973764168116
Feature;100;2;;5;6;2.0799640484079656
Feature;100;2;;5;7;2.8546129024923332
Feature;100;2;;5;8;1.6257522740443768
Feature;100;2;;5;9;2.2590543176299924
Feature;100;2;;5;10;2.673302065592197
Feature;100;2;;5;11;1.1339769738221825
Feature;100;2;;5;12;2.6289083677441574
Feature;100;2;;5;13;1.9547458468020835
Feature;100;2;;5;14;1.0014677926359354
Feature;100;2;;5;15;1.740751557248687
Feature;100;2;;5;16;2.194875462450346
Feature;100;2;;5;17;1.7534440003974006
Feature;100;2;;5;18;0.8795240723913911
Feature;100;2;;5;19;1.3699457661639982
Feature;100;2;;5;20;1.9418333099040772
Feature;100;2;;5;21;0.7116061553272712
Feature;100;2;;5;22;1.766925765657681
Feature;100;2;;5;23;1.7406705399914424
Feature;100;2;;5;24;0.7669526446297448
Feature;100;2;;5;25;0.613650254896398
Feature;100;2;;5;26;0.6613010406682232
Feature;100;2;;5;27;0.8883722720868231
Feature;100;2;;5;28;0.7621929107858347
Feature;100;2;;5;29;1.1115182586750372
Feature;100;2;;5;30;0.6973866611376048
Feature;100;2;;5;31;0.9968502577028918
Feature;100;2;;5;32;1.890566881671332
Feature;100;2;;5;33;1.183893777570197
Feature;100;2;;5;34;0.7782195228255337
Feature;100;2;;5;35;1.0941351952350082
Feature;100;2;;5;36;0.7279374227365544
Feature;100;2;;5;37;0.957927181988174
Feature;100;2;;5;38;0.629189801462585
Feature;100;2;;5;39;0.6454691157765431
Feature;100;2;;5;40;0.8198440521498009
Feature;100;2;;5;41;0.43063977656997293
Feature;100;2;;5;42;0.5539482422075886
Feature;100;2;;5;43;0.666209228986629
Feature;100;2;;5;44;0.5238255544619935
Feature;100;2;;5;45;0.8244799156489245
Feature;100;2;;5;46;0.6450238781216693
Feature;100;2;;5;47;1.3644279487587647
Feature;100;2;;5;48;0.5496702947475518
Feature;100;2;;5;49;0.7586745309403636
Feature;100;2;;5;50;0.8358472354875129
Feature;100;2;;5;51;0.7993901483767871
Feature;100;2;;5;52;0.9215061753606004
Feature;100;2;;5;53;1.012748607795728
Feature;100;2;;5;54;0.5622367952094655
Feature;100;2;;5;55;1.4212244205016722
Feature;100;2;;5;56;1.4338759586130594
Feature;100;2;;5;57;0.4562268604107135
Feature;100;2;;5;58;0.39965583769426544
Feature;100;2;;5;59;2.1283853458592135
Feature;100;2;;5;60;1.0788254906071082
Feature;100;2;;5;61;0.786299254702916
Feature;100;2;;5;62;1.029207868976892
Feature;100;2;;5;63;0.5717155820096215
Feature;100;2;;5;64;0.4269864921111625
Feature;100;2;;5;65;0.4477767089483484
Feature;100;2;;5;66;0.7502477399640951
Feature;100;2;;5;67;0.4963661633720343
Feature;100;2;;5;68;0.506094578594809
Feature;100;2;;5;69;1.2012647338391769
Feature;100;2;;5;70;0.6796254475163327
Feature;100;2;;5;71;0.35970491452880465
Feature;100;2;;5;72;0.4976076155373452
Feature;100;2;;5;73;0.5289421654021802
Feature;100;2;;5;74;1.0083371509274608
Feature;100;2;;5;75;0.5638146130466916
Feature;100;2;;5;76;0.8252740936968688
Feature;100;2;;5;77;0.40714914101061084
Feature;100;2;;5;78;0.3234354935053003
Feature;100;2;;5;79;0.5865064295367657
Feature;100;2;;5;80;0.6398232801086495
Feature;100;2;;5;81;0.4821820087286295
Feature;100;2;;5;82;0.5237898472761182
Feature;100;2;;5;83;0.6834152030521784
Feature;100;2;;5;84;0.541245047185638
Feature;100;2;;5;85;0.9681405813490284
Feature;100;2;;5;86;0.7104925089737798
Feature;100;2;;5;87;0.4328295013591434
Feature;100;2;;5;88;0.5742784497880511
Feature;100;2;;5;89;0.46472296937647906
Feature;100;2;;5;90;0.28714317093636754
Feature;100;2;;5;91;0.3928386536591545
Feature;100;2;;5;92;0.37040968954350495
Feature;100;2;;5;93;0.37487724956605284
Feature;100;2;;5;94;0.8413079760068194
Feature;100;2;;5;95;0.3704101611784294
Feature;100;2;;5;96;0.31511193699653745
Feature;100;2;;5;97;0.3004087058799033
Feature;100;2;;5;98;0.3176193383311671
Feature;100;2;;5;99;0.34067506850625184
Feature;100;3;;2;0;0.0
Feature;100;3;;2;1;12.869638225821857
Feature;100;3;;2;2;11.213044641888317
Feature;100;3;;2;3;4.889317388841779
Feature;100;3;;2;4;3.5316780557433622
Feature;100;3;;2;5;3.439243340818704
Feature;100;3;;2;6;2.278181763021727
Feature;100;3;;2;7;2.6514554398789034
Feature;100;3;;2;8;2.8183440880721937
Feature;100;3;;2;9;1.1835980117490363
Feature;100;3;;2;10;1.0876898677890148
Feature;100;3;;2;11;2.832649182445945
Feature;100;3;;2;12;1.7726740778236476
Feature;100;3;;2;13;1.3731500206868477
Feature;100;3;;2;14;0.9755611896401435
Feature;100;3;;2;15;2.4333464806673706
Feature;100;3;;2;16;1.40205720651158
Feature;100;3;;2;17;3.6095958653619125
Feature;100;3;;2;18;1.710658006946432
Feature;100;3;;2;19;0.8925451159411284
Feature;100;3;;2;20;1.500565524645951
Feature;100;3;;2;21;1.00261538564623
Feature;100;3;;2;22;2.2154811094367686
Feature;100;3;;2;23;0.7205556448808097
Feature;100;3;;2;24;1.2608831559164333
Feature;100;3;;2;25;0.913184051451954
Feature;100;3;;2;26;1.0206959712054062
Feature;100;3;;2;27;1.3382816234308654
Feature;100;3;;2;28;0.6313752884736179
Feature;100;3;;2;29;0.9833863554833534
Feature;100;3;;2;30;1.053725040244844
Feature;100;3;;2;31;0.9876895886870809
Feature;100;3;;2;32;1.1920973034483344
Feature;100;3;;2;33;0.8291398090479912
Feature;100;3;;2;34;0.8769504226860054
Feature;100;3;;2;35;1.4867185769859619
Feature;100;3;;2;36;1.1381736556977033
Feature;100;3;;2;37;0.6452321048239714
Feature;100;3;;2;38;0.6638330583964297
Feature;100;3;;2;39;0.6806693498345522
Feature;100;3;;2;40;4.978814009453082
Feature;100;3;;2;41;0.8193862831440759
Feature;100;3;;2;42;0.5480734676235425
Feature;100;3;;2;43;1.3198010787079686
Feature;100;3;;2;44;0.7020971673899948
Feature;100;3;;2;45;1.2764281219870326
Feature;100;3;;2;46;0.5884273546202041
Feature;100;3;;2;47;0.4228534740322508
Feature;100;3;;2;48;0.5684339833537536
Feature;100;3;;2;49;0.46029024427733234
Feature;100;3;;2;50;0.4361872364380567
Feature;100;3;;2;51;0.4684357986645359
Feature;100;3;;2;52;0.5027024888426563
Feature;100;3;;2;53;0.9591590251728314
Feature;100;3;;2;54;0.5532350038186648
Feature;100;3;;2;55;0.7035282565849633
Feature;100;3;;2;56;1.3143513288194468
Feature;100;3;;2;57;0.44872238680202214
Feature;100;3;;2;58;0.6211256282471003
Feature;100;3;;2;59;0.4228010577369885
Feature;100;3;;2;60;0.6220881897630268
Feature;100;3;;2;61;0.5242520598994689
Feature;100;3;;2;62;1.1797087254014822
Feature;100;3;;2;63;0.3117648313079027
Feature;100;3;;2;64;0.853400700155063
Feature;100;3;;2;65;0.6443063218744294
Feature;100;3;;2;66;0.42458867723442995
Feature;100;3;;2;67;0.5188564624826781
Feature;100;3;;2;68;0.4117447386644345
Feature;100;3;;2;69;0.4072811610687146
Feature;100;3;;2;70;0.3919423385726295
Feature;100;3;;2;71;0.33664935745769475
Feature;100;3;;2;72;0.3626491532820525
Feature;100;3;;2;73;0.4302862205478942
Feature;100;3;;2;74;0.6138560144775911
Feature;100;3;;2;75;0.5614127583031051
Feature;100;3;;2;76;0.4382057673843802
Feature;100;3;;2;77;0.6979353185216373
Feature;100;3;;2;78;0.46820678946451955
Feature;100;3;;2;79;0.3373905063713002
Feature;100;3;;2;80;0.5809624122965574
Feature;100;3;;2;81;0.35587191138070795
Feature;100;3;;2;82;0.41343417888232714
Feature;100;3;;2;83;0.3509462885312994
Feature;100;3;;2;84;0.4189990534864529
Feature;100;3;;2;85;1.682577156476899
Feature;100;3;;2;86;0.4391421226718677
Feature;100;3;;2;87;1.1589315168062755
Feature;100;3;;2;88;0.5075792144626481
Feature;100;3;;2;89;0.3437446103699872
Feature;100;3;;2;90;0.2912316839495752
Feature;100;3;;2;91;0.4369939345377658
Feature;100;3;;2;92;0.7814140082796499
Feature;100;3;;2;93;0.4195662246178611
Feature;100;3;;2;94;0.28427748322944413
Feature;100;3;;2;95;0.4852205194791407
Feature;100;3;;2;96;0.34733262209523275
Feature;100;3;;2;97;0.34279949668797266
Feature;100;3;;2;98;0.3413315884387298
Feature;100;3;;2;99;0.34162498412351466
Feature;100;4;;3;0;0.0
Feature;100;4;;3;1;12.966326495188792
Feature;100;4;;3;2;4.8341580082548505
Feature;100;4;;3;3;8.547940038055433
Feature;100;4;;3;4;6.704330957120148
Feature;100;4;;3;5;4.257225115288992
Feature;100;4;;3;6;5.128809359366519
Feature;100;4;;3;7;2.2697779633449
Feature;100;4;;3;8;5.077844942958471
Feature;100;4;;3;9;2.6076023460376536
Feature;100;4;;3;10;2.106016890027125
Feature;100;4;;3;11;3.2692276777783906
Feature;100;4;;3;12;2.1082281180431774
Feature;100;4;;3;13;1.69858457653749
Feature;100;4;;3;14;1.5237575841468138
Feature;100;4;;3;15;2.9615772249163403
Feature;100;4;;3;16;7.917300992250444
Feature;100;4;;3;17;1.4098871402060047
Feature;100;4;;3;18;2.025620216999592
Feature;100;4;;3;19;1.6076480146476715
Feature;100;4;;3;20;1.1320826956005352
Feature;100;4;;3;21;1.1572652116909223
Feature;100;4;;3;22;1.9892153982971337
Feature;100;4;;3;23;1.307224785940336
Feature;100;4;;3;24;1.822316739264211
Feature;100;4;;3;25;1.057268027126561
Feature;100;4;;3;26;1.3841779493784088
Feature;100;4;;3;27;1.1406037878668824
Feature;100;4;;3;28;1.7133023605815914
Feature;100;4;;3;29;0.9050762487787412
Feature;100;4;;3;30;1.28400976663508
Feature;100;4;;3;31;1.0244968422594372
Feature;100;4;;3;32;1.0669831783209291
Feature;100;4;;3;33;0.9924747715018347
Feature;100;4;;3;34;0.8515380351181661
Feature;100;4;;3;35;0.9466387718139447
Feature;100;4;;3;36;1.1935966777020517
Feature;100;4;;3;37;1.367043279808648
Feature;100;4;;3;38;0.6023739217930608
Feature;100;4;;3;39;0.6050998034230778
Feature;100;4;;3;40;0.8908339956742385
Feature;100;4;;3;41;1.1417821707326326
Feature;100;4;;3;42;1.2878162747230677
Feature;100;4;;3;43;0.7680086901694683
Feature;100;4;;3;44;0.8586291904720398
Feature;100;4;;3;45;0.5740235045640237
Feature;100;4;;3;46;0.7696327040166082
Feature;100;4;;3;47;0.6080794623513198
Feature;100;4;;3;48;0.5463620882541012
Feature;100;4;;3;49;0.4820198065709348
Feature;100;4;;3;50;0.843434354750295
Feature;100;4;;3;51;0.8977403005450841
Feature;100;4;;3;52;0.45293392555392165
Feature;100;4;;3;53;1.3754751546374617
Feature;100;4;;3;54;0.4676742221192247
Feature;100;4;;3;55;0.6407548227058248
Feature;100;4;;3;56;0.3399997659857757
Feature;100;4;;3;57;0.5982041295795458
Feature;100;4;;3;58;0.9467559787449976
Feature;100;4;;3;59;0.7897476594404693
Feature;100;4;;3;60;1.1416453288320887
Feature;100;4;;3;61;0.9378005723410456
Feature;100;4;;3;62;0.7556109770625526
Feature;100;4;;3;63;0.30134384959221344
Feature;100;4;;3;64;0.6902941185988621
Feature;100;4;;3;65;0.48329081903229365
Feature;100;4;;3;66;0.7024656106989727
Feature;100;4;;3;67;0.6859477411185178
Feature;100;4;;3;68;0.5824970944084897
Feature;100;4;;3;69;3.8190826814291285
Feature;100;4;;3;70;1.383838402769344
Feature;100;4;;3;71;0.5848388920957232
Feature;100;4;;3;72;0.5141831223890582
Feature;100;4;;3;73;0.49997628936500127
Feature;100;4;;3;74;0.28912155732364364
Feature;100;4;;3;75;0.6159498856496922
Feature;100;4;;3;76;0.3039494977616517
Feature;100;4;;3;77;0.5554483362744401
Feature;100;4;;3;78;1.04852232548239
Feature;100;4;;3;79;0.39748758301433185
Feature;100;4;;3;80;0.49736572719249683
Feature;100;4;;3;81;1.614299859057605
Feature;100;4;;3;82;0.47456436871783714
Feature;100;4;;3;83;0.3610385609327171
Feature;100;4;;3;84;0.44550387752401566
Feature;100;4;;3;85;0.39132461021948883
Feature;100;4;;3;86;0.5062617809905391
Feature;100;4;;3;87;0.9032865840809867
Feature;100;4;;3;88;0.5829307035278943
Feature;100;4;;3;89;0.5072346630033107
Feature;100;4;;3;90;0.3858744904250274
Feature;100;4;;3;91;0.5412346871862336
Feature;100;4;;3;92;0.34838091159468365
Feature;100;4;;3;93;0.3218754599331817
Feature;100;4;;3;94;0.36468836957219225
Feature;100;4;;3;95;0.408541928317615
Feature;100;4;;3;96;0.44942971310731483
Feature;100;4;;3;97;0.4355577410579016
Feature;100;4;;3;98;0.33483087305531234
Feature;100;4;;3;99;0.31525279480244456
Feature;100;5;;2;0;0.0
Feature;100;5;;2;1;8.666666666666664
Feature;100;5;;2;2;9.815614479610746
Feature;100;5;;2;3;4.785346899494168
Feature;100;5;;2;4;5.718895017257865
Feature;100;5;;2;5;3.707008728788484
Feature;100;5;;2;6;3.519396388364776
Feature;100;5;;2;7;3.9342026359578277
Feature;100;5;;2;8;4.232482307374347
Feature;100;5;;2;9;2.727699272754174
Feature;100;5;;2;10;1.9483677174334562
Feature;100;5;;2;11;2.003575370247924
Feature;100;5;;2;12;1.7994716773024932
Feature;100;5;;2;13;2.1062206558107395
Feature;100;5;;2;14;1.7771560880911208
Feature;100;5;;2;15;1.775622422175895
Feature;100;5;;2;16;1.6233261203465066
Feature;100;5;;2;17;1.30348181065537
Feature;100;5;;2;18;1.8002793056740267
Feature;100;5;;2;19;1.1713858214851152
Feature;100;5;;2;20;0.9372030477836997
Feature;100;5;;2;21;1.0689203420890219
Feature;100;5;;2;22;1.8562538048698023
Feature;100;5;;2;23;1.0664040425968508
Feature;100;5;;2;24;1.472496673347204
Feature;100;5;;2;25;2.125640653852195
Feature;100;5;;2;26;0.8893928289652113
Feature;100;5;;2;27;1.1196823654795671
Feature;100;5;;2;28;1.0095893676613648
Feature;100;5;;2;29;1.539295463825205
Feature;100;5;;2;30;7.035561605586591
Feature;100;5;;2;31;0.9849657751516865
Feature;100;5;;2;32;0.9180130394835786
Feature;100;5;;2;33;2.6634253927096734
Feature;100;5;;2;34;0.8142829559989102
Feature;100;5;;2;35;0.8948080490449485
Feature;100;5;;2;36;1.2033389246362924
Feature;100;5;;2;37;1.6514584968678732
Feature;100;5;;2;38;1.4923039946795584
Feature;100;5;;2;39;0.9654213318425694
Feature;100;5;;2;40;0.9397423144051187
Feature;100;5;;2;41;3.1291268747166363
Feature;100;5;;2;42;1.6199994399917068
Feature;100;5;;2;43;3.2062936793883123
Feature;100;5;;2;44;1.1166101563278916
Feature;100;5;;2;45;0.7803382482144626
Feature;100;5;;2;46;1.1997611754699977
Feature;100;5;;2;47;0.8205842957723629
Feature;100;5;;2;48;1.2607530242735348
Feature;100;5;;2;49;1.064166048655136
Feature;100;5;;2;50;0.9273073032845881
Feature;100;5;;2;51;1.0292511031534444
Feature;100;5;;2;52;0.5372494690727267
Feature;100;5;;2;53;1.0417541224186613
Feature;100;5;;2;54;4.757999951514298
Feature;100;5;;2;55;0.657754463219092
Feature;100;5;;2;56;0.8158621674169422
Feature;100;5;;2;57;0.5624149078195412
Feature;100;5;;2;58;0.7731223419268238
Feature;100;5;;2;59;0.6279073513967499
Feature;100;5;;2;60;0.5712334881270746
Feature;100;5;;2;61;0.9233395652487264
Feature;100;5;;2;62;1.037431524730263
Feature;100;5;;2;63;0.4708518889488198
Feature;100;5;;2;64;0.8608413267796088
Feature;100;5;;2;65;1.2392651135996462
Feature;100;5;;2;66;0.6246847674594369
Feature;100;5;;2;67;0.5072356994668679
Feature;100;5;;2;68;0.6875056824645998
Feature;100;5;;2;69;0.38573518359497255
Feature;100;5;;2;70;0.41813530457376047
Feature;100;5;;2;71;0.47794940213929393
Feature;100;5;;2;72;0.4950460207512567
Feature;100;5;;2;73;0.3944440831279187
Feature;100;5;;2;74;0.6004952112855254
Feature;100;5;;2;75;0.6364887122337144
Feature;100;5;;2;76;0.5185945287591007
Feature;100;5;;2;77;0.9655738790775659
Feature;100;5;;2;78;0.5616612457495563
Feature;100;5;;2;79;0.4601339973141587
Feature;100;5;;2;80;0.4258835426884484
Feature;100;5;;2;81;0.4510036116570252
Feature;100;5;;2;82;0.6077003159046978
Feature;100;5;;2;83;0.524307730611308
Feature;100;5;;2;84;0.4493709335913888
Feature;100;5;;2;85;0.35955521694744885
Feature;100;5;;2;86;0.38042257371494026
Feature;100;5;;2;87;0.38189430271996705
Feature;100;5;;2;88;0.29928173920994044
Feature;100;5;;2;89;0.6966266836015893
Feature;100;5;;2;90;0.43994417592957474
Feature;100;5;;2;91;0.32849732106513985
Feature;100;5;;2;92;0.4279368097978951
Feature;100;5;;2;93;0.40748742709832264
Feature;100;5;;2;94;0.2945174551570839
Feature;100;5;;2;95;0.34535563673493974
Feature;100;5;;2;96;0.45531884487633856
Feature;100;5;;2;97;0.4159649280947377
Feature;100;5;;2;98;0.2585880359118021
Feature;100;5;;2;99;0.3789282422757147
Feature;100;6;;2;0;0.0
Feature;100;6;;2;1;21.265174535563524
Feature;100;6;;2;2;3.4469301073993392
Feature;100;6;;2;3;7.165735942387906
Feature;100;6;;2;4;5.485830500315998
Feature;100;6;;2;5;3.1348879528825973
Feature;100;6;;2;6;3.5479602156648276
Feature;100;6;;2;7;2.540063734900922
Feature;100;6;;2;8;2.62108286880761
Feature;100;6;;2;9;3.251393761456075
Feature;100;6;;2;10;2.330041951685909
Feature;100;6;;2;11;1.980725372089113
Feature;100;6;;2;12;3.2625956066951343
Feature;100;6;;2;13;1.522421332673706
Feature;100;6;;2;14;1.7896021929320114
Feature;100;6;;2;15;1.2995460425068077
Feature;100;6;;2;16;1.7482781149550113
Feature;100;6;;2;17;1.9670014316360835
Feature;100;6;;2;18;1.7265057495022593
Feature;100;6;;2;19;2.0767244769775655
Feature;100;6;;2;20;1.2657088056136545
Feature;100;6;;2;21;0.8393257411300834
Feature;100;6;;2;22;0.77219228925681
Feature;100;6;;2;23;1.1801935606431817
Feature;100;6;;2;24;4.961342375740564
Feature;100;6;;2;25;0.7245388669967059
Feature;100;6;;2;26;1.0539732259646757
Feature;100;6;;2;27;0.9792841325765809
Feature;100;6;;2;28;2.1464873691468367
Feature;100;6;;2;29;0.8416960295741445
Feature;100;6;;2;30;0.8346745295976418
Feature;100;6;;2;31;0.958959170279525
Feature;100;6;;2;32;0.6939829571095466
Feature;100;6;;2;33;1.0016581983237043
Feature;100;6;;2;34;0.8575631853692289
Feature;100;6;;2;35;0.7804660575025354
Feature;100;6;;2;36;0.627550109615938
Feature;100;6;;2;37;1.6055694609398987
Feature;100;6;;2;38;0.7189206295526147
Feature;100;6;;2;39;0.6266456314134699
Feature;100;6;;2;40;0.6387417069339544
Feature;100;6;;2;41;0.9830270116411535
Feature;100;6;;2;42;0.5760600777052902
Feature;100;6;;2;43;0.8364402837517939
Feature;100;6;;2;44;0.6518009997169968
Feature;100;6;;2;45;0.5755192594833861
Feature;100;6;;2;46;0.5931360392989928
Feature;100;6;;2;47;1.1954795451917117
Feature;100;6;;2;48;2.375423816428057
Feature;100;6;;2;49;1.8419984084807919
Feature;100;6;;2;50;0.606259106593658
Feature;100;6;;2;51;0.3370716806338513
Feature;100;6;;2;52;1.026473351164224
Feature;100;6;;2;53;0.6671510046154805
Feature;100;6;;2;54;0.4964181596351921
Feature;100;6;;2;55;0.38141630533086324
Feature;100;6;;2;56;0.8681968434894688
Feature;100;6;;2;57;0.6966355184730744
Feature;100;6;;2;58;0.4711478864406682
Feature;100;6;;2;59;0.4230174251240061
Feature;100;6;;2;60;0.47498395942391514
Feature;100;6;;2;61;0.8967755681900087
Feature;100;6;;2;62;1.015546137875582
Feature;100;6;;2;63;0.43751729271557266
Feature;100;6;;2;64;0.7140103096396823
Feature;100;6;;2;65;0.7949302489286714
Feature;100;6;;2;66;0.7173594365336834
Feature;100;6;;2;67;0.7962985024595777
Feature;100;6;;2;68;0.4983133647207393
Feature;100;6;;2;69;0.5569784882957022
Feature;100;6;;2;70;0.6152597625687527
Feature;100;6;;2;71;0.5016264003507059
Feature;100;6;;2;72;0.37721958901850394
Feature;100;6;;2;73;0.4151016096428203
Feature;100;6;;2;74;0.46877719877994717
Feature;100;6;;2;75;0.7829181199371417
Feature;100;6;;2;76;0.5279511932714542
Feature;100;6;;2;77;0.43326747364248586
Feature;100;6;;2;78;0.6195807249704746
Feature;100;6;;2;79;0.4836991014692913
Feature;100;6;;2;80;0.4267747375619816
Feature;100;6;;2;81;0.38497635602923364
Feature;100;6;;2;82;0.7976271717006469
Feature;100;6;;2;83;0.5238866704780587
Feature;100;6;;2;84;0.3608462067789834
Feature;100;6;;2;85;0.4267415861524259
Feature;100;6;;2;86;1.0280117502709378
Feature;100;6;;2;87;0.46478296959542326
Feature;100;6;;2;88;0.3733678126000437
Feature;100;6;;2;89;0.9872570700109432
Feature;100;6;;2;90;0.4666629305776071
Feature;100;6;;2;91;0.8030011082877698
Feature;100;6;;2;92;0.6704802655757172
Feature;100;6;;2;93;0.5378561102137039
Feature;100;6;;2;94;0.3731965760705817
Feature;100;6;;2;95;0.6425270317329493
Feature;100;6;;2;96;0.5964977759336845
Feature;100;6;;2;97;0.46042583490948524
Feature;100;6;;2;98;0.305445647749138
Feature;100;6;;2;99;0.5054174283812196
Feature;100;7;;12;0;0.0
Feature;100;7;;12;1;12.408248290463868
Feature;100;7;;12;2;3.262054158391518
Feature;100;7;;12;3;2.5863723708439106
Feature;100;7;;12;4;8.923882839555905
Feature;100;7;;12;5;3.4002335119854825
Feature;100;7;;12;6;2.7560401362353817
Feature;100;7;;12;7;2.9566980612297034
Feature;100;7;;12;8;7.1913421801619535
Feature;100;7;;12;9;2.299801385713552
Feature;100;7;;12;10;2.4533591061166584
Feature;100;7;;12;11;6.7558490716327855
Feature;100;7;;12;12;3.4035455153334198
Feature;100;7;;12;13;1.45522886070505
Feature;100;7;;12;14;2.6270831484309505
Feature;100;7;;12;15;2.04605403378661
Feature;100;7;;12;16;2.7389239450364506
Feature;100;7;;12;17;1.8773634672346717
Feature;100;7;;12;18;2.576916458395592
Feature;100;7;;12;19;1.8229290636478472
Feature;100;7;;12;20;1.2288450792600911
Feature;100;7;;12;21;1.2840283340673588
Feature;100;7;;12;22;1.8365818209458844
Feature;100;7;;12;23;1.5444565370208245
Feature;100;7;;12;24;1.3512413088860917
Feature;100;7;;12;25;1.2851083343547245
Feature;100;7;;12;26;1.1441581845399942
Feature;100;7;;12;27;1.1666248952670237
Feature;100;7;;12;28;0.893466000875166
Feature;100;7;;12;29;1.9568162669062126
Feature;100;7;;12;30;1.0442794099938588
Feature;100;7;;12;31;0.8571501776534187
Feature;100;7;;12;32;0.9109384195543009
Feature;100;7;;12;33;0.7108421824721918
Feature;100;7;;12;34;0.6958884248501878
Feature;100;7;;12;35;0.574758166343599
Feature;100;7;;12;36;0.881925184681982
Feature;100;7;;12;37;0.7361025757506212
Feature;100;7;;12;38;1.066648193851278
Feature;100;7;;12;39;1.0840621406522195
Feature;100;7;;12;40;0.7615782890397204
Feature;100;7;;12;41;0.7180321547310748
Feature;100;7;;12;42;0.59245006129005
Feature;100;7;;12;43;1.5281755361686578
Feature;100;7;;12;44;1.562357014642476
Feature;100;7;;12;45;0.6937914732505882
Feature;100;7;;12;46;0.5272393103215167
Feature;100;7;;12;47;0.6516304837228043
Feature;100;7;;12;48;0.975312170588224
Feature;100;7;;12;49;0.8579328992900961
Feature;100;7;;12;50;0.701027319999113
Feature;100;7;;12;51;0.5792550862378906
Feature;100;7;;12;52;0.5587046975346455
Feature;100;7;;12;53;0.6087610101622283
Feature;100;7;;12;54;0.8646067649628747
Feature;100;7;;12;55;0.6910474396773328
Feature;100;7;;12;56;1.2080106403865318
Feature;100;7;;12;57;0.5802757078493596
Feature;100;7;;12;58;1.3450166352415058
Feature;100;7;;12;59;0.5493807195834386
Feature;100;7;;12;60;0.4845863185353432
Feature;100;7;;12;61;0.47947318140821293
Feature;100;7;;12;62;0.473083754184085
Feature;100;7;;12;63;0.38387128068372534
Feature;100;7;;12;64;0.5910599422815234
Feature;100;7;;12;65;0.6198837303716085
Feature;100;7;;12;66;0.6562637152060778
Feature;100;7;;12;67;0.42128132204345337
Feature;100;7;;12;68;1.2687338204817658
Feature;100;7;;12;69;0.8603006705192733
Feature;100;7;;12;70;0.9848325787431024
Feature;100;7;;12;71;0.6926651877126124
Feature;100;7;;12;72;0.5474153959597947
Feature;100;7;;12;73;0.4345583496693035
Feature;100;7;;12;74;1.2811047529848612
Feature;100;7;;12;75;0.5703216920982006
Feature;100;7;;12;76;1.074640310674992
Feature;100;7;;12;77;0.4252220529063764
Feature;100;7;;12;78;2.6147912766618124
Feature;100;7;;12;79;0.4498841277512371
Feature;100;7;;12;80;0.509171109956964
Feature;100;7;;12;81;0.4064033325466929
Feature;100;7;;12;82;0.9412181538295391
Feature;100;7;;12;83;0.6958766525036932
Feature;100;7;;12;84;0.3961596187928974
Feature;100;7;;12;85;0.3842350719178582
Feature;100;7;;12;86;0.5587614154581186
Feature;100;7;;12;87;0.5295673967017798
Feature;100;7;;12;88;0.7766700309586304
Feature;100;7;;12;89;0.942923210837783
Feature;100;7;;12;90;0.43712923217391114
Feature;100;7;;12;91;0.7290294119462752
Feature;100;7;;12;92;0.4011464035576368
Feature;100;7;;12;93;0.5611569115778318
Feature;100;7;;12;94;0.699948160932401
Feature;100;7;;12;95;0.48568711283512284
Feature;100;7;;12;96;0.47184310000551827
Feature;100;7;;12;97;0.3908758223098518
Feature;100;7;;12;98;0.35191596147404663
Feature;100;7;;12;99;0.6615136487941483
Feature;100;8;;9;0;0.0
Feature;100;8;;9;1;5.333333333333332
Feature;100;8;;9;2;4.97291514571096
Feature;100;8;;9;3;9.849528975756316
Feature;100;8;;9;4;4.505854347222813
Feature;100;8;;9;5;2.3348651116429613
Feature;100;8;;9;6;6.053983381579716
Feature;100;8;;9;7;1.8765873568548301
Feature;100;8;;9;8;6.751128654510669
Feature;100;8;;9;9;2.959886425909254
Feature;100;8;;9;10;1.5597382486434157
Feature;100;8;;9;11;3.4359110969801168
Feature;100;8;;9;12;2.263605233998003
Feature;100;8;;9;13;2.6528025317136503
Feature;100;8;;9;14;0.7804954630596088
Feature;100;8;;9;15;1.0875820669946876
Feature;100;8;;9;16;1.8176564830436286
Feature;100;8;;9;17;2.6606066247601126
Feature;100;8;;9;18;2.5433694245786285
Feature;100;8;;9;19;2.165129338905609
Feature;100;8;;9;20;3.635555719592635
Feature;100;8;;9;21;1.6096231679454975
Feature;100;8;;9;22;1.313821871544466
Feature;100;8;;9;23;2.56264517093561
Feature;100;8;;9;24;1.2093572166471018
Feature;100;8;;9;25;1.3412953613413434
Feature;100;8;;9;26;1.1435781777121428
Feature;100;8;;9;27;1.2814618592189997
Feature;100;8;;9;28;1.144951419938127
Feature;100;8;;9;29;1.5488315314102565
Feature;100;8;;9;30;1.307898150221602
Feature;100;8;;9;31;1.196954590432095
Feature;100;8;;9;32;0.8104960148094648
Feature;100;8;;9;33;1.0565587103774738
Feature;100;8;;9;34;0.9170444352573439
Feature;100;8;;9;35;1.3850483026762774
Feature;100;8;;9;36;0.7882349717055618
Feature;100;8;;9;37;0.5477134118086677
Feature;100;8;;9;38;0.6870801398414919
Feature;100;8;;9;39;0.49360083987599634
